{
  "analysis_date": "2025-06-28T14:22:56.206623",
  "datasets_analyzed": [
    "kansas",
    "nevada"
  ],
  "implementations_tested": [
    "sklearn"
  ],
  "summary_statistics": {
    "kansas": {
      "n_measurements": 12,
      "domain_size": [
        0,
        1
      ],
      "implementations": {
        "sklearn": {
          "K_estimated": 0.006137578670776248,
          "nu_e_estimated": 0.00036145887372729304,
          "training_time": 1.9504609107971191,
          "K_relative_error": 2.266484849390631,
          "nu_e_relative_error": 0.8123336120667256
        }
      },
      "true_parameters": {
        "K_true": 0.0018789551930483391,
        "nu_e_true": 0.0019260714596148743,
        "nu_water": 1.1e-06,
        "hydraulic_gradient": 0.002
      }
    },
    "nevada": {
      "n_measurements": 8,
      "domain_size": [
        0,
        1
      ],
      "implementations": {
        "sklearn": {
          "K_estimated": 0.017505152001265442,
          "nu_e_estimated": 0.001792326394933526,
          "training_time": 1.4243049621582031,
          "K_relative_error": 1.5025074403202958,
          "nu_e_relative_error": 2.5825209429609184
        }
      },
      "true_parameters": {
        "K_true": 0.006995044937418831,
        "nu_e_true": 0.0005002975344652657,
        "nu_water": 3e-07,
        "pressure_gradient": 2.0
      }
    }
  },
  "recommendations": []
}